id;user_login;step;event_id;asientos;nombres;updated_at
1;nautical;30843;21745;ocelot sheathe dapper;even apricot;2025-11-20T02:12:49
2;prejudge eek responsibility;14107;27331;celsius farm;yet psst minus;2025-11-19T19:15:22
3;beneficial;24273;1406;before unto pish;co-producer below;2025-11-19T18:59:24
4;iridescence physically;6057;26955;yearningly indeed;pleased carefully hmph;2025-11-19T22:26:03
5;affiliate charlatan;9444;1888;plus;abnormally incidentally pushy;2025-11-20T03:31:07
6;upbeat;21179;2814;sin;stay;2025-11-20T10:47:47
7;even;26426;15681;frankly where enthusiastically;mentor what;2025-11-19T18:47:53
8;possession;8217;13920;humidity bleak;likewise;2025-11-19T18:25:53
9;key airline ack;26792;15644;yahoo geez override;lovingly;2025-11-20T09:55:42
10;midst closely above;29553;27921;uh-huh when partridge;raw before;2025-11-19T18:11:35
